Gene_ID,GO_Term
ENOX2,GO:0003676
ENOX2,GO:0003723
ENOX2,GO:0003723
ENOX2,GO:0003723
ENOX2,GO:0016491
ENOX2,GO:0007624
ENOX2,GO:0009897
KIF21B,GO:0000166
KIF21B,GO:0000166
KIF21B,GO:0003774
KIF21B,GO:0003777
KIF21B,GO:0005524
KIF21B,GO:0005524
KIF21B,GO:0005524
KIF21B,GO:0008017
KIF21B,GO:0007018
KIF21B,GO:0005856
ATP5F1D,GO:0046933
ATP5F1D,GO:0006811
ATP5F1D,GO:0015986
ATP5F1D,GO:0005743
ATP5F1D,GO:0016020
ATP5F1D,GO:0045261
TRMT61A,GO:0008168
TRMT61A,GO:0016429
TRMT61A,GO:0016429
TRMT61A,GO:0016740
TRMT61A,GO:0008033
TRMT61A,GO:0030488
TRMT61A,GO:0030488
TRMT61A,GO:0032259
TRMT61A,GO:0005634
TRMT61A,GO:0005634
TRMT61A,GO:0031515
TRMT61A,GO:0031515
ELMOD1,GO:0005096
ELMOD1,GO:0043547
MAST1,GO:0000166
MAST1,GO:0000287
MAST1,GO:0004672
MAST1,GO:0004674
MAST1,GO:0004674
MAST1,GO:0004674
MAST1,GO:0005524
MAST1,GO:0005524
MAST1,GO:0016301
MAST1,GO:0016740
MAST1,GO:0006468
MAST1,GO:0007010
MAST1,GO:0016310
MAST1,GO:0035556
RYR1,GO:0005219
RYR1,GO:0005262
RYR1,GO:0005516
RYR1,GO:0006816
RYR1,GO:0051209
RYR1,GO:0070588
RYR1,GO:0016020
RYR1,GO:0016529
RYR1,GO:0033017
PALLD,GO:0016477
PALLD,GO:0030036
A0A674G6T2,GO:0000166
A0A674G6T2,GO:0005524
A0A674G6T2,GO:0005524
A0A674G6T2,GO:0016787
A0A674G6T2,GO:0016887
A0A674G6T2,GO:0042393
A0A674G6T2,GO:0140658
A0A674G6T2,GO:0006338
A0A674G6T2,GO:0006338
A0A674G6T2,GO:0006355
A0A674G6T2,GO:0006355
A0A674G6T2,GO:0005634
A0A674G6T2,GO:0005634
A0A674G6T2,GO:0005634
A0A674G6T2,GO:0016514
A0A674G6T2,GO:0070603
FANCI,GO:0006281
MAPK10,GO:0000166
MAPK10,GO:0004672
MAPK10,GO:0004674
MAPK10,GO:0004674
MAPK10,GO:0004707
MAPK10,GO:0004707
MAPK10,GO:0004707
MAPK10,GO:0005524
MAPK10,GO:0005524
MAPK10,GO:0005524
MAPK10,GO:0016301
MAPK10,GO:0016740
MAPK10,GO:0106310
MAPK10,GO:0000165
MAPK10,GO:0006468
MAPK10,GO:0016310
MAPK10,GO:0048511
MAPK10,GO:0005737
ACO1,GO:0003723
ACO1,GO:0003994
ACO1,GO:0003994
ACO1,GO:0030350
ACO1,GO:0046872
ACO1,GO:0047780
ACO1,GO:0051536
ACO1,GO:0051539
ACO1,GO:0051539
ACO1,GO:0006879
ACO1,GO:0010040
ACO1,GO:0005737
ACO1,GO:0005829
A0A674G6U7,GO:0005739
A0A674G6U7,GO:0005739
A0A674G6U7,GO:0005739
A0A674G6U7,GO:0005840
A0A674G6U7,GO:1990904
ACER1,GO:0016787
ACER1,GO:0016811
ACER1,GO:0017040
ACER1,GO:0017040
ACER1,GO:0102121
ACER1,GO:0006629
ACER1,GO:0006665
ACER1,GO:0006665
ACER1,GO:0006672
ACER1,GO:0046512
ACER1,GO:0016020
ACER1,GO:0016020
A0A674G6V1,GO:0046872
A0A674G6V1,GO:0006099
A0A674G6V1,GO:0005739
A0A674G6V1,GO:0005740
A0A674G6V1,GO:0005743
A0A674G6V1,GO:0005743
A0A674G6V1,GO:0016020
A0A674G6V1,GO:0016020
A0A674G6V1,GO:0016020
STK3,GO:0000166
STK3,GO:0000166
STK3,GO:0004672
STK3,GO:0004674
STK3,GO:0004674
STK3,GO:0004674
STK3,GO:0005524
STK3,GO:0005524
STK3,GO:0005524
STK3,GO:0016740
STK3,GO:0006468
STK3,GO:0007165
STK3,GO:0051262
STK3,GO:0005634
LOC105759791,GO:0019843
LOC105759791,GO:0006364
LOC105759791,GO:0005730
LDB2,GO:0003712
LDB2,GO:0030274
LDB2,GO:0006351
LDB2,GO:0006357
LDB2,GO:0005634
LOC115491824,GO:0005179
LOC115491824,GO:0005179
LOC115491824,GO:0007165
LOC115491824,GO:0005576
LOC115491824,GO:0005576
ITGB3BP,GO:0006355
ITGB3BP,GO:0034080
A0A674G6W1,GO:0022857
A0A674G6W1,GO:0055085
A0A674G6W1,GO:0016020
MAP3K4,GO:0000166
MAP3K4,GO:0000166
MAP3K4,GO:0004672
MAP3K4,GO:0005524
MAP3K4,GO:0005524
MAP3K4,GO:0005524
MAP3K4,GO:0000165
MAP3K4,GO:0006468
ARFGEF3,GO:0005085
ARFGEF3,GO:0005085
ARFGEF3,GO:0032012
ARFGEF3,GO:0050790
ABCB1,GO:0000166
ABCB1,GO:0005524
ABCB1,GO:0005524
ABCB1,GO:0140359
ABCB1,GO:0055085
ABCB1,GO:0016020
MLKL,GO:0004672
MLKL,GO:0005524
MLKL,GO:0006468
MLKL,GO:0007166
PHB2,GO:0005743
PHB2,GO:0005886
PHB2,GO:0016020
ATP5MF,GO:0006754
ATP5MF,GO:0006811
ATP5MF,GO:1902600
ATP5MF,GO:0005739
ATP5MF,GO:0016020
ATP5MF,GO:0045263
SEC11C,GO:0004252
SEC11C,GO:0004252
SEC11C,GO:0008233
SEC11C,GO:0008233
SEC11C,GO:0008236
SEC11C,GO:0016787
SEC11C,GO:0006465
SEC11C,GO:0006465
SEC11C,GO:0006508
SEC11C,GO:0005783
SEC11C,GO:0005789
SEC11C,GO:0016020
SEC11C,GO:0016020
SEC11C,GO:0016020
SEC11C,GO:0005787
SEC11C,GO:0005787
TBX21,GO:0003677
TBX21,GO:0003677
TBX21,GO:0003700
TBX21,GO:0006355
TBX21,GO:0045893
TBX21,GO:0005634
TBX21,GO:0005634
TBX21,GO:0005634
TBX21,GO:0005634
TPM4,GO:0003779
TPM4,GO:0005856
MYF5,GO:0003677
MYF5,GO:0046983
MYF5,GO:0006355
MYF5,GO:0007517
MYF5,GO:0007517
MYF5,GO:0030154
MYF5,GO:0005634
MYF5,GO:0005634
STXBP5L,GO:0006887
STXBP5L,GO:0005737
STXBP5L,GO:0005737
STXBP5L,GO:0005737
STXBP5L,GO:0005886
STXBP5L,GO:0005886
STXBP5L,GO:0016020
EPN3,GO:0008289
CETN3,GO:0005509
TMEM131L,GO:0016020
A0A674G6Z4,GO:0000166
A0A674G6Z4,GO:0003924
A0A674G6Z4,GO:0005525
A0A674G6Z4,GO:0005525
A0A674G6Z4,GO:0006400
A0A674G6Z4,GO:0008033
NME6,GO:0000166
NME6,GO:0004550
NME6,GO:0004550
NME6,GO:0005524
NME6,GO:0016301
NME6,GO:0016740
NME6,GO:0006165
NME6,GO:0006183
NME6,GO:0006228
NME6,GO:0006241
NME6,GO:0016310
A0A674G6Z7,GO:0016020
POU3F4,GO:0000981
POU3F4,GO:0003677
POU3F4,GO:0003677
POU3F4,GO:0003677
POU3F4,GO:0003677
POU3F4,GO:0003700
POU3F4,GO:0006351
POU3F4,GO:0006355
POU3F4,GO:0006355
POU3F4,GO:0006357
POU3F4,GO:0007420
POU3F4,GO:0005634
POU3F4,GO:0005634
POU3F4,GO:0005634
POU3F4,GO:0005634
POU3F4,GO:0005634
A0A674G700,GO:0031267
A0A674G700,GO:0015031
A0A674G700,GO:0005768
A0A674G700,GO:0016020
ROS1,GO:0000166
ROS1,GO:0000166
ROS1,GO:0004672
ROS1,GO:0004713
ROS1,GO:0004713
ROS1,GO:0004714
ROS1,GO:0004714
ROS1,GO:0005524
ROS1,GO:0005524
ROS1,GO:0005524
ROS1,GO:0006468
ROS1,GO:0007169
ROS1,GO:0018108
ROS1,GO:0018108
ROS1,GO:0016020
ROS1,GO:0016020
ROS1,GO:0016020
UBE2K,GO:0000166
UBE2K,GO:0005524
UBE2K,GO:0016740
UBE2K,GO:0061631
UBE2K,GO:0016567
DOT1L,GO:0008168
DOT1L,GO:0016740
DOT1L,GO:0018024
DOT1L,GO:0018024
DOT1L,GO:0031151
DOT1L,GO:0031151
DOT1L,GO:0000077
DOT1L,GO:0006281
DOT1L,GO:0006325
DOT1L,GO:0031507
DOT1L,GO:0032259
DOT1L,GO:0034729
DOT1L,GO:0034729
DOT1L,GO:0034729
DOT1L,GO:0051726
DOT1L,GO:2000677
DOT1L,GO:0005634
DOT1L,GO:0005634
DOT1L,GO:0005634
DOT1L,GO:0005634
DOT1L,GO:0005634
DOT1L,GO:0005634
ACTR8,GO:0000166
ACTR8,GO:0005524
ACTR8,GO:0006281
ACTR8,GO:0006310
ACTR8,GO:0006338
ACTR8,GO:0006974
ACTR8,GO:0005634
ACTR8,GO:0005634
ACTR8,GO:0005694
ACTR8,GO:0031011
PLAGL2,GO:0003677
PLAGL2,GO:0046872
PLAGL2,GO:0006351
PLAGL2,GO:0005634
PLAGL2,GO:0005634
SOSTDC1,GO:0005615
TRNP1,GO:0003677
TRNP1,GO:0042127
TRNP1,GO:0005634
PDE10A,GO:0004114
PDE10A,GO:0008081
PDE10A,GO:0016787
PDE10A,GO:0046872
PDE10A,GO:0007165
NDUFA13,GO:0005739
NDUFA13,GO:0005739
NDUFA13,GO:0005743
NDUFA13,GO:0005743
NDUFA13,GO:0016020
NDUFA13,GO:0070469
NDUFA13,GO:0005747
A0A674G716,GO:0016020
A0A674G716,GO:0016020
LOC115492255,GO:0003735
LOC115492255,GO:0006412
LOC115492255,GO:0032543
LOC115492255,GO:0005739
LOC115492255,GO:0005739
LOC115492255,GO:0005840
LOC115492255,GO:0005840
LOC115492255,GO:1990904
RABGEF1,GO:0003677
RABGEF1,GO:0005085
RABGEF1,GO:0008270
RABGEF1,GO:0046872
RABGEF1,GO:0016192
RABGEF1,GO:0050790
VIPAS39,GO:0005768
VIPAS39,GO:0005768
VIPAS39,GO:0005768
VIPAS39,GO:0005770
VIPAS39,GO:0031410
VIPAS39,GO:0032991
MAGI3,GO:0060090
MAGI3,GO:0007165
MAGI3,GO:0046328
MAGI3,GO:0005886
MAGI3,GO:0005911
MAGI3,GO:0005923
MAGI3,GO:0016020
BAZ2B,GO:0003677
BAZ2B,GO:0005634
QTRT1,GO:0008479
QTRT1,GO:0008479
QTRT1,GO:0008479
QTRT1,GO:0016740
QTRT1,GO:0016757
QTRT1,GO:0016763
QTRT1,GO:0046872
QTRT1,GO:0006400
QTRT1,GO:0008033
QTRT1,GO:0101030
QTRT1,GO:0101030
QTRT1,GO:0101030
QTRT1,GO:0005737
QTRT1,GO:0005737
QTRT1,GO:0005737
QTRT1,GO:0005739
QTRT1,GO:0005741
QTRT1,GO:0005741
QTRT1,GO:0005741
QTRT1,GO:0016020
MTHFD1,GO:0000166
MTHFD1,GO:0003824
MTHFD1,GO:0004329
MTHFD1,GO:0004329
MTHFD1,GO:0004477
MTHFD1,GO:0004486
MTHFD1,GO:0004488
MTHFD1,GO:0004488
MTHFD1,GO:0005524
MTHFD1,GO:0005524
MTHFD1,GO:0016491
MTHFD1,GO:0016787
MTHFD1,GO:0016874
MTHFD1,GO:0006730
MTHFD1,GO:0035999
A0A674G729,GO:0007155
A0A674G729,GO:0007229
A0A674G729,GO:0070161
CILP,GO:0005576
GAS2L1,GO:0008017
GAS2L1,GO:0008093
GAS2L1,GO:0005737
GAS2L1,GO:0005856
GAS2L1,GO:0005856
ACOD1,GO:0016829
ATG9A,GO:0006869
ATG9A,GO:0006914
ATG9A,GO:0006914
ATG9A,GO:0016020
ATG9A,GO:0016020
ATG9A,GO:0034045
ATG9A,GO:0034045
DTX2,GO:0016740
DTX2,GO:0046872
DTX2,GO:0046872
DTX2,GO:0061630
DTX2,GO:0007219
DTX2,GO:0016567
DTX2,GO:0016567
DTX2,GO:0016567
DTX2,GO:0005737
DTX2,GO:0005737
DTX2,GO:0005737
ANK2,GO:0007165
ANK2,GO:0051179
ANK2,GO:0005856
ANK2,GO:0005856
ANK2,GO:0016020
ANK2,GO:0016020
LOC115491749,GO:0003723
LOC115491749,GO:0000244
LOC115491749,GO:0000398
LOC115491749,GO:0006397
LOC115491749,GO:0008380
LOC115491749,GO:0008380
LOC115491749,GO:0015030
LOC115491749,GO:0016020
LOC115491749,GO:0005681
LOC115491749,GO:0046540
RAP1GAP2,GO:0005096
RAP1GAP2,GO:0005096
RAP1GAP2,GO:0050790
RAP1GAP2,GO:0051056
A0A674G745,GO:0003677
A0A674G745,GO:0003677
A0A674G745,GO:0003677
A0A674G745,GO:0003677
A0A674G745,GO:0006351
A0A674G745,GO:0006355
A0A674G745,GO:0006355
A0A674G745,GO:0009653
A0A674G745,GO:0005634
A0A674G745,GO:0005634
A0A674G745,GO:0005634
LOC115490714,GO:0005200
LOC115490714,GO:0007010
LOC115490714,GO:0005882
LOC115490714,GO:0005882
OMP,GO:0007165
OMP,GO:0007608
CTDP1,GO:0004721
CTDP1,GO:0004722
CTDP1,GO:0008420
CTDP1,GO:0008420
CTDP1,GO:0016787
CTDP1,GO:0017018
CTDP1,GO:0070940
CTDP1,GO:0070940
CTDP1,GO:0005634
CTDP1,GO:0005634
CTDP1,GO:0005634
CTDP1,GO:0005634
ASAP2,GO:0005096
ASAP2,GO:0005096
ASAP2,GO:0046872
ASAP2,GO:0043547
ASAP2,GO:0005737
SERPINE2,GO:0004867
SERPINE2,GO:0010951
SERPINE2,GO:0005615
LOC115491774,GO:0016274
LOC115491774,GO:0016740
LOC115491774,GO:0018216
ATRN,GO:0016020
ATRN,GO:0110165
LOC100190450,GO:0016020
ECSCR,GO:0016020
GSDME,GO:0008219
GSDME,GO:0012501
GSDME,GO:0005886
GSDME,GO:0016020
GABRA1,GO:0004888
GABRA1,GO:0004890
GABRA1,GO:0005216
GABRA1,GO:0005230
GABRA1,GO:0005254
GABRA1,GO:0006811
GABRA1,GO:0006811
GABRA1,GO:0006821
GABRA1,GO:0006821
GABRA1,GO:0007214
GABRA1,GO:0034220
GABRA1,GO:1902476
GABRA1,GO:0005886
GABRA1,GO:0005886
GABRA1,GO:0016020
GABRA1,GO:0016020
GABRA1,GO:0016020
GABRA1,GO:0045202
GABRA1,GO:0045211
GABRA1,GO:0045211
GABRA1,GO:0097060
GABRA1,GO:0034707
LOC115492045,GO:0003676
LOC115492045,GO:0003723
LOC115492045,GO:0003723
LOC115492045,GO:0003723
UBQLN1,GO:0006914
UBQLN1,GO:0005634
UBQLN1,GO:0005776
UBQLN1,GO:0016020
UBQLN1,GO:0031410
A0A674G770,GO:0005516
A0A674G770,GO:0008017
A0A674G770,GO:0030507
A0A674G770,GO:0031175
AOAH,GO:0016788
AOAH,GO:0050528
GSG1L2,GO:0016020
GSG1L2,GO:0016020
NIPAL2,GO:0015095
NIPAL2,GO:0015693
NIPAL2,GO:0015693
NIPAL2,GO:1903830
NIPAL2,GO:0016020
NIPAL2,GO:0016020
DGKB,GO:0000166
DGKB,GO:0004143
DGKB,GO:0004143
DGKB,GO:0005509
DGKB,GO:0005524
DGKB,GO:0016301
DGKB,GO:0016301
DGKB,GO:0016740
DGKB,GO:0046872
DGKB,GO:0006629
DGKB,GO:0007165
DGKB,GO:0007205
DGKB,GO:0016310
DGKB,GO:0046486
A0A674G777,GO:0016020
GABRR3,GO:0004888
GABRR3,GO:0005216
GABRR3,GO:0005230
GABRR3,GO:0005254
GABRR3,GO:0006811
GABRR3,GO:0006811
GABRR3,GO:0006821
GABRR3,GO:0034220
GABRR3,GO:1902476
GABRR3,GO:0005886
GABRR3,GO:0005886
GABRR3,GO:0016020
GABRR3,GO:0016020
GABRR3,GO:0045202
GABRR3,GO:0045211
GABRR3,GO:0045211
GABRR3,GO:0097060
GABRR3,GO:0034707
LOC100217480,GO:0008083
LOC100217480,GO:0008083
LOC100217480,GO:0007165
LOC100217480,GO:0005576
A0A674G781,GO:0005085
A0A674G781,GO:0019208
A0A674G781,GO:0043087
CXCL12,GO:0005125
CXCL12,GO:0008009
CXCL12,GO:0008083
CXCL12,GO:0006935
CXCL12,GO:0006952
CXCL12,GO:0006955
CXCL12,GO:0060326
CXCL12,GO:0070098
CXCL12,GO:0005576
CXCL12,GO:0005576
CXCL12,GO:0005615
CADM1,GO:0016020
PBX3,GO:0000981
PBX3,GO:0003677
PBX3,GO:0003677
PBX3,GO:0003677
PBX3,GO:0003677
PBX3,GO:0003700
PBX3,GO:0006355
PBX3,GO:0006357
PBX3,GO:0005634
PBX3,GO:0005634
PBX3,GO:0005634
PBX3,GO:0005634
CAPZA2,GO:0003779
CAPZA2,GO:0051016
CAPZA2,GO:0051016
CAPZA2,GO:0051693
CAPZA2,GO:0008290
CAPZA2,GO:0008290
A0A674G788,GO:0000166
A0A674G788,GO:0000166
A0A674G788,GO:0005524
A0A674G788,GO:0005524
A0A674G788,GO:0008556
A0A674G788,GO:0016887
A0A674G788,GO:0046872
A0A674G788,GO:0006811
A0A674G788,GO:0006813
A0A674G788,GO:0006813
A0A674G788,GO:0071805
A0A674G788,GO:0005886
A0A674G788,GO:0016020
FMNL1,GO:0007010
FMNL1,GO:0008360
FMNL1,GO:0022604
PDK4,GO:0000166
PDK4,GO:0004672
PDK4,GO:0005524
PDK4,GO:0005524
PDK4,GO:0016301
PDK4,GO:0016740
PDK4,GO:0016310
PDK4,GO:0005739
PDK4,GO:0005759
A0A674G792,GO:0007155
A0A674G792,GO:0007155
A0A674G792,GO:0007229
A0A674G792,GO:0016020
A0A674G792,GO:0016020
A0A674G792,GO:0008305
S100A11,GO:0005509
S100A11,GO:0046872
S100A11,GO:0048306
S100A11,GO:0042127
OSGIN1,GO:0030308
OSGIN1,GO:0043065
LOC115492046,GO:0003676
LOC115492046,GO:0003723
LOC115492046,GO:0003723
LOC115492046,GO:0003723
PRKACB,GO:0000166
PRKACB,GO:0000166
PRKACB,GO:0004672
PRKACB,GO:0004674
PRKACB,GO:0004674
PRKACB,GO:0004679
PRKACB,GO:0004691
PRKACB,GO:0004691
PRKACB,GO:0005524
PRKACB,GO:0005524
PRKACB,GO:0005524
PRKACB,GO:0016301
PRKACB,GO:0016740
PRKACB,GO:0006468
PRKACB,GO:0016310
ZNF618,GO:0046983
CHCHD3,GO:0005739
CHCHD3,GO:0016020
CHCHD3,GO:0061617
ELMOD1,GO:0005096
ELMOD1,GO:0043547
ATRN,GO:0016020
ATRN,GO:0110165
A0A674G7A3,GO:0004672
A0A674G7A3,GO:0005524
A0A674G7A3,GO:0006468
PHF21A,GO:0046872
ERCC2,GO:0003676
ERCC2,GO:0003677
ERCC2,GO:0003678
ERCC2,GO:0004386
ERCC2,GO:0005524
ERCC2,GO:0016818
ERCC2,GO:0006139
ERCC2,GO:0006289
ERCC2,GO:0032508
ERCC2,GO:0005634
ERCC2,GO:0016020
GPR37,GO:0004930
GPR37,GO:0004930
GPR37,GO:0007165
GPR37,GO:0007186
GPR37,GO:0007186
GPR37,GO:0005886
GPR37,GO:0005886
GPR37,GO:0016020
GPR37,GO:0016020
RPL38,GO:0003735
RPL38,GO:0006412
RPL38,GO:0005840
RPL38,GO:0005840
RPL38,GO:1990904
MMP9,GO:0004222
MMP9,GO:0004222
MMP9,GO:0008233
MMP9,GO:0008233
MMP9,GO:0008237
MMP9,GO:0008237
MMP9,GO:0008270
MMP9,GO:0016787
MMP9,GO:0046872
MMP9,GO:0001503
MMP9,GO:0006508
MMP9,GO:0006508
MMP9,GO:0030574
MMP9,GO:0030574
MMP9,GO:0050896
MMP9,GO:0050900
MMP9,GO:0005576
MMP9,GO:0031012
MMP11,GO:0004222
MMP11,GO:0008233
MMP11,GO:0008237
MMP11,GO:0008237
MMP11,GO:0008270
MMP11,GO:0016787
MMP11,GO:0046872
MMP11,GO:0006508
MMP11,GO:0006508
MMP11,GO:0031012
ATPSCKMT,GO:0008168
ATPSCKMT,GO:0016279
ATPSCKMT,GO:0016279
ATPSCKMT,GO:0016740
ATPSCKMT,GO:0006479
ATPSCKMT,GO:0032259
ATPSCKMT,GO:0016020
ATPSCKMT,GO:0031966
EREG,GO:0005154
EREG,GO:0008083
EREG,GO:0007165
EREG,GO:0016020
SLC35B3,GO:0055085
SLC35B3,GO:0016020
SLC35B3,GO:0016020
A0A674G7B8,GO:0006807
A0A674G7C0,GO:0016757
A0A674G7C0,GO:0016758
A0A674G7C0,GO:0006486
A0A674G7C0,GO:0000139
A0A674G7C0,GO:0005794
A0A674G7C0,GO:0016020
A0A674G7C0,GO:0016020
A0A674G7C0,GO:0016020
MAD1L1,GO:0007049
MAD1L1,GO:0007094
MAD1L1,GO:0051301
MAD1L1,GO:0005634
MAD1L1,GO:0043229
PCYT1A,GO:0003824
PCYT1A,GO:0004105
PCYT1A,GO:0006629
PCYT1A,GO:0006656
PCYT1A,GO:0006657
PCYT1A,GO:0008654
PCYT1A,GO:0009058
ACSS2,GO:0000166
ACSS2,GO:0003987
ACSS2,GO:0003987
ACSS2,GO:0003987
ACSS2,GO:0005524
ACSS2,GO:0005524
ACSS2,GO:0016208
ACSS2,GO:0016405
ACSS2,GO:0016874
ACSS2,GO:0016878
ACSS2,GO:0050218
ACSS2,GO:0006629
ACSS2,GO:0019427
ADGRL4,GO:0004888
ADGRL4,GO:0004930
ADGRL4,GO:0005509
ADGRL4,GO:0007166
ADGRL4,GO:0007186
ADGRL4,GO:0005886
ADGRL4,GO:0005886
ADGRL4,GO:0016020
ADGRL4,GO:0016020
HOPX,GO:0003677
HOPX,GO:0003677
HOPX,GO:0003677
HOPX,GO:0003677
HOPX,GO:0030154
HOPX,GO:0005634
HOPX,GO:0005634
HOPX,GO:0005634
ST3GAL3,GO:0008373
ST3GAL3,GO:0016757
ST3GAL3,GO:0006486
ST3GAL3,GO:0097503
ST3GAL3,GO:0005794
ST3GAL3,GO:0016020
ST3GAL3,GO:0016020
LMO1,GO:0046872
HGD,GO:0004411
HGD,GO:0004411
HGD,GO:0004411
HGD,GO:0046872
HGD,GO:0006520
HGD,GO:0006559
HGD,GO:0006559
HGD,GO:0006570
RAP1GDS1,GO:0005085
RAP1GDS1,GO:0043547
RAP1GDS1,GO:0005739
RAP1GDS1,GO:0005739
RAP1GDS1,GO:0005783
RAP1GDS1,GO:0005829
KCNC1,GO:0005216
KCNC1,GO:0005244
KCNC1,GO:0005249
KCNC1,GO:0005267
KCNC1,GO:0006811
KCNC1,GO:0006811
KCNC1,GO:0006813
KCNC1,GO:0006813
KCNC1,GO:0034765
KCNC1,GO:0051260
KCNC1,GO:0055085
KCNC1,GO:0071805
KCNC1,GO:0016020
KCNC1,GO:0016020
KCNC1,GO:0016020
KCNC1,GO:0008076
A0A674G7D3,GO:0004467
A0A674G7D3,GO:0015245
A0A674G7D3,GO:0031957
A0A674G7D3,GO:0001676
A0A674G7D3,GO:0006699
A0A674G7D3,GO:0015908
A0A674G7D3,GO:0016020
SF3B3,GO:0003676
SF3B3,GO:0005634
SF3B3,GO:0005634
CCDC91,GO:0048193
LZIC,GO:0008013
LOC105759942,GO:0006629
CYB5B,GO:0020037
CYB5B,GO:0020037
CYB5B,GO:0046872
CYB5B,GO:0046872
CYB5B,GO:0016020
A0A674G7E2,GO:0000166
A0A674G7E2,GO:0003774
A0A674G7E2,GO:0003774
A0A674G7E2,GO:0003779
A0A674G7E2,GO:0005524
A0A674G7E2,GO:0005524
A0A674G7E2,GO:0005524
A0A674G7E2,GO:0051015
A0A674G7E2,GO:0016459
A0A674G7E2,GO:0016459
A0A674G7E3,GO:0004930
A0A674G7E3,GO:0007186
A0A674G7E3,GO:0016020
ACSF3,GO:0006629
HERPUD2,GO:0006986
HERPUD2,GO:0016020
FNDC10,GO:0016020
SNX9,GO:0035091
SNX9,GO:0000278
SNX9,GO:0000281
SNX9,GO:0006886
SNX9,GO:0006897
SNX9,GO:0015031
SNX9,GO:0015031
SNX9,GO:0016020
SNX9,GO:0030659
SNX9,GO:0031410
NFASC,GO:0007155
NFASC,GO:0007411
NFASC,GO:0007422
NFASC,GO:0019226
NFASC,GO:0042552
NFASC,GO:0050808
NFASC,GO:0005886
NFASC,GO:0016020
NFASC,GO:0016020
AMN,GO:0015031
AMN,GO:0005886
AMN,GO:0005886
AMN,GO:0016020
AMN,GO:0016020
MCHR1,GO:0004930
MCHR1,GO:0004930
MCHR1,GO:0030273
MCHR1,GO:0007165
MCHR1,GO:0007186
MCHR1,GO:0007186
MCHR1,GO:0007218
MCHR1,GO:0005886
MCHR1,GO:0005886
MCHR1,GO:0016020
MCHR1,GO:0016020
CSTF2,GO:0003676
CSTF2,GO:0003723
CSTF2,GO:0003723
CSTF2,GO:0003723
CSTF2,GO:0006378
CSTF2,GO:0031124
CSTF2,GO:0005634
CSTF2,GO:0005634
CSTF2,GO:0005847
INTU,GO:0001736
INTU,GO:0016192
INTU,GO:0030030
INTU,GO:0060271
INTU,GO:0005737
INTU,GO:0009986
A0A674G7F5,GO:0002250
A0A674G7F5,GO:0002504
A0A674G7F5,GO:0006955
A0A674G7F5,GO:0019882
A0A674G7F5,GO:0016020
A0A674G7F5,GO:0016020
A0A674G7F5,GO:0042613
A0A674G7F5,GO:0042613
CDH5,GO:0005509
CDH5,GO:0005509
CDH5,GO:0046872
CDH5,GO:0001955
CDH5,GO:0007155
CDH5,GO:0007155
CDH5,GO:0007156
CDH5,GO:0098609
CDH5,GO:0005886
CDH5,GO:0005886
CDH5,GO:0005886
CDH5,GO:0016020
CDH5,GO:0016020
CDH5,GO:0016020
CDH5,GO:0070161
MIDN,GO:0005634
MIDN,GO:0016020
SPTAN1,GO:0003779
SPTAN1,GO:0005509
SPTAN1,GO:0005516
SPTAN1,GO:0046872
SPTAN1,GO:0051693
SPTAN1,GO:0005737
SPTAN1,GO:0005856
SPTAN1,GO:0005938
SPTAN1,GO:0043232
FAT3,GO:0005509
FAT3,GO:0005509
FAT3,GO:0007155
FAT3,GO:0007156
FAT3,GO:0005886
FAT3,GO:0016020
FAT3,GO:0016020
ELOVL5,GO:0009922
ELOVL5,GO:0009922
ELOVL5,GO:0016740
ELOVL5,GO:0102756
ELOVL5,GO:0006629
ELOVL5,GO:0006629
ELOVL5,GO:0006631
ELOVL5,GO:0006633
ELOVL5,GO:0006636
ELOVL5,GO:0006636
ELOVL5,GO:0019367
ELOVL5,GO:0034625
ELOVL5,GO:0034626
ELOVL5,GO:0035338
ELOVL5,GO:0042761
ELOVL5,GO:0042761
ELOVL5,GO:0005783
ELOVL5,GO:0005783
ELOVL5,GO:0005789
ELOVL5,GO:0005789
ELOVL5,GO:0016020
ELOVL5,GO:0016020
ELOVL5,GO:0030425
ELOVL5,GO:0042995
ABCC8,GO:0000166
ABCC8,GO:0005524
ABCC8,GO:0005524
ABCC8,GO:0008281
ABCC8,GO:0140359
ABCC8,GO:0006813
ABCC8,GO:0055085
ABCC8,GO:0016020
ABCC8,GO:0016020
PCNT,GO:0060090
PCNT,GO:0007165
PCNT,GO:0005737
PCNT,GO:0005737
PCNT,GO:0005815
PCNT,GO:0005815
PCNT,GO:0005856
SLC13A1,GO:0022857
SLC13A1,GO:0006814
SLC13A1,GO:0055085
SLC13A1,GO:0016020
SLC13A1,GO:0016020
SLC13A1,GO:0016020
MRPL19,GO:0003735
MRPL19,GO:0006412
MRPL19,GO:0005840
VPS26A,GO:0006886
BRIP1,GO:0000166
BRIP1,GO:0003676
BRIP1,GO:0003677
BRIP1,GO:0003678
BRIP1,GO:0004386
BRIP1,GO:0004386
BRIP1,GO:0005524
BRIP1,GO:0005524
BRIP1,GO:0016787
BRIP1,GO:0016818
BRIP1,GO:0006139
BRIP1,GO:0032508
BRIP1,GO:0005634
RER1,GO:0051179
RER1,GO:0005737
RER1,GO:0016020
RER1,GO:0016020
RER1,GO:0043231
A0A674G7H5,GO:0038023
A0A674G7H5,GO:0007399
A0A674G7H5,GO:0007411
A0A674G7H5,GO:0030513
A0A674G7H5,GO:0055072
A0A674G7H5,GO:0016020
A0A674G7H5,GO:0016020
RC3H2,GO:0003723
RC3H2,GO:0003729
RC3H2,GO:0004842
RC3H2,GO:0016740
RC3H2,GO:0046872
RC3H2,GO:0046872
RC3H2,GO:0010608
RC3H2,GO:0016567
RC3H2,GO:0000932
NOS3,GO:0004517
NOS3,GO:0004517
NOS3,GO:0005516
NOS3,GO:0005516
NOS3,GO:0010181
NOS3,GO:0016491
NOS3,GO:0016491
NOS3,GO:0020037
NOS3,GO:0046872
NOS3,GO:0050660
NOS3,GO:0050661
NOS3,GO:0006809
A0A674G7H9,GO:0008270
A0A674G7H9,GO:0016491
A0A674G7H9,GO:0016491
PHF5A,GO:0000398
NPAS3,GO:0046983
NPAS3,GO:0006355
NUDT2,GO:0000166
NUDT2,GO:0004081
NUDT2,GO:0008796
NUDT2,GO:0016787
NUDT2,GO:0016787
NEXMIF,GO:0016020
A0A674G7I4,GO:0097190
A0A674G7I4,GO:1901222
USP4,GO:0004843
USP4,GO:0004843
USP4,GO:0008233
USP4,GO:0008234
USP4,GO:0016787
USP4,GO:0006508
USP4,GO:0006511
USP4,GO:0016579
USP4,GO:0016579
USP4,GO:0005634
USP4,GO:0005634
USP4,GO:0005737
USP4,GO:0005737
LOC115492397,GO:0005200
LOC115492397,GO:0007010
LOC115492397,GO:0005882
LOC115492397,GO:0005882
SORCS2,GO:0016020
IFT57,GO:0042995
TIMP4,GO:0004857
TIMP4,GO:0008191
TIMP4,GO:0008191
TIMP4,GO:0030414
TIMP4,GO:0010466
TIMP4,GO:0010951
TIMP4,GO:0005576
SHISA8,GO:0016020
MIIP,GO:0010972
MIIP,GO:0030336
LOC100221646,GO:0005216
LOC100221646,GO:0005244
LOC100221646,GO:0005248
LOC100221646,GO:0005261
LOC100221646,GO:0005272
LOC100221646,GO:0006811
LOC100221646,GO:0006811
LOC100221646,GO:0006814
LOC100221646,GO:0006814
LOC100221646,GO:0034220
LOC100221646,GO:0034220
LOC100221646,GO:0034220
LOC100221646,GO:0034765
LOC100221646,GO:0035725
LOC100221646,GO:0035725
LOC100221646,GO:0055085
LOC100221646,GO:0098655
LOC100221646,GO:0005886
LOC100221646,GO:0005886
LOC100221646,GO:0005886
LOC100221646,GO:0016020
LOC100221646,GO:0016020
LOC100221646,GO:0016020
LOC100221646,GO:0001518
LOC100221646,GO:0001518
SLC25A13,GO:0005509
SLC25A13,GO:0015171
SLC25A13,GO:0003333
SLC25A13,GO:0055085
SLC25A13,GO:0005739
SLC25A13,GO:0005743
SLC25A13,GO:0005743
SLC25A13,GO:0005743
SLC25A13,GO:0016020
SLC25A13,GO:0016020
SLC25A13,GO:0016020
REV1,GO:0003677
REV1,GO:0003684
REV1,GO:0003684
REV1,GO:0016740
REV1,GO:0016779
REV1,GO:0016779
REV1,GO:0006259
REV1,GO:0006281
REV1,GO:0006281
REV1,GO:0006974
REV1,GO:0042276
REV1,GO:0050896
REV1,GO:0071897
REV1,GO:0005634
REV1,GO:0005634
CDK8,GO:0000166
CDK8,GO:0000166
CDK8,GO:0004672
CDK8,GO:0005524
CDK8,GO:0005524
CDK8,GO:0005524
CDK8,GO:0006468
A0A674G7J8,GO:0004843
A0A674G7J8,GO:0006511
A0A674G7J8,GO:0016579
A0A674G7J9,GO:0004674
A0A674G7J9,GO:0004674
A0A674G7J9,GO:0005524
A0A674G7J9,GO:0016301
A0A674G7J9,GO:0016740
A0A674G7J9,GO:0006468
A0A674G7J9,GO:0016310
A0A674G7K0,GO:0000166
A0A674G7K0,GO:0005524
A0A674G7K0,GO:0005524
A0A674G7K0,GO:0016787
A0A674G7K0,GO:0016887
A0A674G7K0,GO:0042393
A0A674G7K0,GO:0140658
A0A674G7K0,GO:0006338
A0A674G7K0,GO:0006338
A0A674G7K0,GO:0006355
A0A674G7K0,GO:0006355
A0A674G7K0,GO:0005634
A0A674G7K0,GO:0005634
A0A674G7K0,GO:0005634
A0A674G7K0,GO:0016514
A0A674G7K0,GO:0070603
RNF141,GO:0046872
CALD1,GO:0003779
CALD1,GO:0005516
CALD1,GO:0008092
CALD1,GO:0017022
CALD1,GO:0006936
BRINP3,GO:0045666
BRINP3,GO:0045786
BRINP3,GO:0045930
BRINP3,GO:0051726
SNX9,GO:0035091
SNX9,GO:0000278
SNX9,GO:0000281
SNX9,GO:0006886
SNX9,GO:0006897
SNX9,GO:0015031
SNX9,GO:0015031
SNX9,GO:0016020
SNX9,GO:0030659
SNX9,GO:0031410
A0A674G7K6,GO:0046872
CRIM1,GO:0004857
CRIM1,GO:0004867
CRIM1,GO:0010951
CRIM1,GO:0043086
CRIM1,GO:0005576
CRIM1,GO:0016020
MAP4K3,GO:0000166
MAP4K3,GO:0000166
MAP4K3,GO:0004672
MAP4K3,GO:0004674
MAP4K3,GO:0004674
MAP4K3,GO:0004674
MAP4K3,GO:0005524
MAP4K3,GO:0005524
MAP4K3,GO:0005524
MAP4K3,GO:0005524
MAP4K3,GO:0008349
MAP4K3,GO:0016301
MAP4K3,GO:0016740
MAP4K3,GO:0000165
MAP4K3,GO:0006468
MAP4K3,GO:0006468
MAP4K3,GO:0016310
MAP4K3,GO:0035556
PCYT2,GO:0003824
PCYT2,GO:0004306
PCYT2,GO:0004306
PCYT2,GO:0004306
PCYT2,GO:0006629
PCYT2,GO:0006646
PCYT2,GO:0006646
PCYT2,GO:0008654
PCYT2,GO:0009058
LOC100231660,GO:0005929
LOC100231660,GO:0031514
LOC100231660,GO:0042995
SEC23B,GO:0008270
SEC23B,GO:0046872
SEC23B,GO:0006886
SEC23B,GO:0006888
SEC23B,GO:0015031
SEC23B,GO:0016192
SEC23B,GO:0090114
SEC23B,GO:0005737
SEC23B,GO:0005783
SEC23B,GO:0005789
SEC23B,GO:0005829
SEC23B,GO:0012507
SEC23B,GO:0016020
SEC23B,GO:0016020
SEC23B,GO:0031410
SEC23B,GO:0030127
ABCC9,GO:0000166
ABCC9,GO:0005524
ABCC9,GO:0005524
ABCC9,GO:0008281
ABCC9,GO:0140359
ABCC9,GO:0006813
ABCC9,GO:0055085
ABCC9,GO:0016020
ABCC9,GO:0016020
ESRRG,GO:0003677
ESRRG,GO:0003677
ESRRG,GO:0003677
ESRRG,GO:0003700
ESRRG,GO:0003707
ESRRG,GO:0005496
ESRRG,GO:0008270
ESRRG,GO:0043565
ESRRG,GO:0046872
ESRRG,GO:0006351
ESRRG,GO:0006355
ESRRG,GO:0006355
ESRRG,GO:0043401
ESRRG,GO:0005634
ESRRG,GO:0005634
ESRRG,GO:0005634
ESRRG,GO:0005634
LOC100229358,GO:0046872
LOC100229358,GO:0051015
LOC100229358,GO:0030835
LOC100229358,GO:0051017
A0A674G7L7,GO:0016020
YTHDC1,GO:0003723
SUPT20H,GO:0003712
SUPT20H,GO:0006351
SUPT20H,GO:0000124
FNBP1,GO:0006897
FNBP1,GO:0006897
FNBP1,GO:0007165
FNBP1,GO:0005737
FNBP1,GO:0005886
FNBP1,GO:0016020
LOC115491394,GO:0046873
LOC115491394,GO:0030001
LOC115491394,GO:0055072
LOC115491394,GO:0016020
LOC115491394,GO:0016020
GRAMD1B,GO:0006869
GRAMD1B,GO:0005789
GRAMD1B,GO:0005886
GRAMD1B,GO:0016020
GRAMD1B,GO:0016020
GRAMD1B,GO:0044232
XRCC4,GO:0003677
XRCC4,GO:0006281
XRCC4,GO:0006302
XRCC4,GO:0006310
XRCC4,GO:0006310
XRCC4,GO:0006974
XRCC4,GO:0005634
XRCC4,GO:0005634
XRCC4,GO:0005634
GLT8D1,GO:0008194
GLT8D1,GO:0016757
GLT8D1,GO:0034645
GLT8D1,GO:0044238
GLT8D1,GO:0016020
ATF1,GO:0003677
ATF1,GO:0003700
ATF1,GO:0043565
ATF1,GO:0046982
ATF1,GO:0006355
ATF1,GO:0006357
ATF1,GO:0050896
ATF1,GO:0005634
ATF1,GO:0005634
ATF1,GO:0005634
MED27,GO:0005634
MED27,GO:0005634
MED27,GO:0016592
GUCY1B1,GO:0004383
GUCY1B1,GO:0004383
GUCY1B1,GO:0005525
GUCY1B1,GO:0016829
GUCY1B1,GO:0016849
GUCY1B1,GO:0020037
GUCY1B1,GO:0006182
GUCY1B1,GO:0009190
GUCY1B1,GO:0035556
GUCY1B1,GO:0005737
GUCY1B1,GO:0005737
MYT1,GO:0003677
MYT1,GO:0008270
MYT1,GO:0046872
MYT1,GO:0006355
MYT1,GO:0005634
MYT1,GO:0005634
MYT1,GO:0005634
A0A674G7N2,GO:0003676
A0A674G7N2,GO:0008270
A0A674G7N2,GO:0016032
A0A674G7N2,GO:0019068
RGS7,GO:0007186
RGS7,GO:0009968
RGS7,GO:0035556
KIAA1217,GO:0048706
KIAA1217,GO:0110165
PTGES,GO:0004364
PTGES,GO:0016740
PTGES,GO:0016020
PTGES,GO:0016020
TYRO3,GO:0000166
TYRO3,GO:0000166
TYRO3,GO:0004672
TYRO3,GO:0004713
TYRO3,GO:0004713
TYRO3,GO:0004714
TYRO3,GO:0005524
TYRO3,GO:0005524
TYRO3,GO:0005524
TYRO3,GO:0006468
TYRO3,GO:0018108
TYRO3,GO:0018108
TYRO3,GO:0016020
TYRO3,GO:0016020
CNTFR,GO:0004896
CNTFR,GO:0019221
CNTFR,GO:0016020
CNTFR,GO:0016020
A0A674G7P3,GO:0001664
A0A674G7P3,GO:0005576
A0A674G7P3,GO:0016020
SNX13,GO:0035091
SNX13,GO:0043547
SNX13,GO:0016020
ARMH4,GO:0016020
APTX,GO:0003677
APTX,GO:0003677
APTX,GO:0003824
APTX,GO:0033699
APTX,GO:0046872
APTX,GO:0120108
APTX,GO:0006139
APTX,GO:0006281
APTX,GO:0006281
APTX,GO:0006974
APTX,GO:0090305
APTX,GO:0005634
APTX,GO:0005654
APTX,GO:0005730
CELF2,GO:0003676
CELF2,GO:0003723
CELF2,GO:0003723
CELF2,GO:0003723
CELF2,GO:0003723
CELF2,GO:0006397
CELF2,GO:0005634
CELF2,GO:0005737
RPS24,GO:0003735
RPS24,GO:0006412
RPS24,GO:0005840
RPS24,GO:0005840
RPS24,GO:1990904
GNA12,GO:0001664
GNA12,GO:0003924
GNA12,GO:0019001
GNA12,GO:0031683
GNA12,GO:0007165
GNA12,GO:0007165
GNA12,GO:0007186
GNA12,GO:0007266
GNA12,GO:0016020
RAPGEF2,GO:0005085
RAPGEF2,GO:0005085
RAPGEF2,GO:0005096
RAPGEF2,GO:0005096
RAPGEF2,GO:0007165
RAPGEF2,GO:0007264
RAPGEF2,GO:0030154
RAPGEF2,GO:0042127
RAPGEF2,GO:0043547
RAPGEF2,GO:0005768
RAPGEF2,GO:0005770
RAPGEF2,GO:0048471
RAPGEF2,GO:0070161
RAPGEF2,GO:0070161
THAP12,GO:0003677
THAP12,GO:0003677
THAP12,GO:0046983
DUOX2,GO:0004601
DUOX2,GO:0005509
DUOX2,GO:0016174
DUOX2,GO:0016174
DUOX2,GO:0016491
DUOX2,GO:0020037
DUOX2,GO:0046872
DUOX2,GO:0006590
DUOX2,GO:0006979
DUOX2,GO:0042446
DUOX2,GO:0042744
DUOX2,GO:0050665
DUOX2,GO:0098869
DUOX2,GO:0016020
DUOX2,GO:0016020
DUOX2,GO:0016324
GNA13,GO:0001664
GNA13,GO:0003924
GNA13,GO:0019001
GNA13,GO:0031683
GNA13,GO:0007165
GNA13,GO:0007165
GNA13,GO:0007186
GNA13,GO:0007266
GNA13,GO:0016020
FARP1,GO:0005085
FARP1,GO:0005085
FARP1,GO:0008092
FARP1,GO:0050790
FARP1,GO:0005856
RBBP5,GO:0005634
RBBP5,GO:0048188
BRD8,GO:0000812
BRD8,GO:0035267
NFASC,GO:0007155
NFASC,GO:0007411
NFASC,GO:0007422
NFASC,GO:0019226
NFASC,GO:0042552
NFASC,GO:0050808
NFASC,GO:0005886
NFASC,GO:0016020
NFASC,GO:0016020
CISD1,GO:0046872
CISD1,GO:0051537
CISD1,GO:0010506
CISD1,GO:0005737
CISD1,GO:0005741
CISD1,GO:0016020
CISD1,GO:0043231
CISD1,GO:0043231
HOXD13,GO:0000981
HOXD13,GO:0003677
HOXD13,GO:0003677
HOXD13,GO:0003677
HOXD13,GO:0003677
HOXD13,GO:0006355
HOXD13,GO:0006357
HOXD13,GO:0005634
HOXD13,GO:0005634
HOXD13,GO:0005634
NDRG1,GO:0032287
NDRG1,GO:0042127
NDRG1,GO:0045576
A0A674G7R2,GO:0003677
A0A674G7R2,GO:0003700
A0A674G7R2,GO:0006355
A0A674G7R2,GO:0006357
A0A674G7R2,GO:0005634
A0A674G7R2,GO:0005737
A0A674G7R2,GO:0016020
HKDC1,GO:0000166
HKDC1,GO:0004396
HKDC1,GO:0004396
HKDC1,GO:0005524
HKDC1,GO:0005524
HKDC1,GO:0005536
HKDC1,GO:0016301
HKDC1,GO:0016740
HKDC1,GO:0016773
HKDC1,GO:0001678
HKDC1,GO:0005975
HKDC1,GO:0006096
HKDC1,GO:0006096
HKDC1,GO:0006096
HKDC1,GO:0016310
HKDC1,GO:0019318
HKDC1,GO:0046835
UBAP1,GO:0003677
UBAP1,GO:0043130
UBAP1,GO:0006355
UBAP1,GO:0043162
UBAP1,GO:0000813
UBR5,GO:0003723
UBR5,GO:0004842
UBR5,GO:0008270
UBR5,GO:0043130
UBR5,GO:0046872
UBR5,GO:0016567
A0A674G7R8,GO:0005509
A0A674G7R8,GO:0046872
A0A674G7R8,GO:0016079
A0A674G7R8,GO:0016020
A0A674G7R8,GO:0098793
DCTN1,GO:0005856
DCTN1,GO:0005856
DCTN1,GO:0005938
DCTN1,GO:0030286
LOC115493179,GO:0005432
LOC115493179,GO:0005516
LOC115493179,GO:0015297
LOC115493179,GO:0046872
LOC115493179,GO:0006811
LOC115493179,GO:0006814
LOC115493179,GO:0006816
LOC115493179,GO:0006816
LOC115493179,GO:0007154
LOC115493179,GO:0035725
LOC115493179,GO:0055085
LOC115493179,GO:0005886
LOC115493179,GO:0005886
LOC115493179,GO:0016020
LOC115493179,GO:0016020
LOC115493179,GO:0016020
LOC115496180,GO:0051726
LOC115496180,GO:0005634
AP5Z1,GO:0044599
LOC100219837,GO:0016491
LOC100219837,GO:0016491
LOC100219837,GO:0016616
LOC100219837,GO:0042803
LOC100219837,GO:0047952
LOC100219837,GO:0051287
LOC100219837,GO:0051287
LOC100219837,GO:0005975
LOC100219837,GO:0006072
LOC100219837,GO:0046168
LOC100219837,GO:0046168
LOC100219837,GO:0009331
LOC100219837,GO:0009331
SLCO2A1,GO:0006811
SLCO2A1,GO:0055085
SLCO2A1,GO:0005886
SLCO2A1,GO:0016020
SLCO2A1,GO:0016020
SLCO2A1,GO:0016020
KATNAL2,GO:0000166
KATNAL2,GO:0005524
KATNAL2,GO:0005524
KATNAL2,GO:0008017
KATNAL2,GO:0008568
KATNAL2,GO:0016853
KATNAL2,GO:0016887
KATNAL2,GO:0051013
KATNAL2,GO:0000922
KATNAL2,GO:0005737
KATNAL2,GO:0005737
KATNAL2,GO:0005737
KATNAL2,GO:0005819
KATNAL2,GO:0005856
KATNAL2,GO:0005856
KATNAL2,GO:0005874
PRTFDC1,GO:0000166
PRTFDC1,GO:0004422
PRTFDC1,GO:0004422
PRTFDC1,GO:0016740
PRTFDC1,GO:0016757
PRTFDC1,GO:0046872
PRTFDC1,GO:0052657
PRTFDC1,GO:0006166
PRTFDC1,GO:0006166
PRTFDC1,GO:0032264
PRTFDC1,GO:0005737
PRTFDC1,GO:0005737
LOC100220412,GO:0009374
LOC100220412,GO:0005576
RUFY2,GO:0046872
RUFY2,GO:0046872
P2RX6,GO:0001614
P2RX6,GO:0004931
P2RX6,GO:0005216
P2RX6,GO:0005524
P2RX6,GO:0015267
P2RX6,GO:0006811
P2RX6,GO:0006811
P2RX6,GO:0007165
P2RX6,GO:0033198
P2RX6,GO:0035590
P2RX6,GO:0060079
P2RX6,GO:0098655
P2RX6,GO:0016020
P2RX6,GO:0016020
P2RX6,GO:0016020
P2RX6,GO:0098794
P2RX6,GO:0110165
DGCR8,GO:0003723
DGCR8,GO:0003723
DGCR8,GO:0003723
DGCR8,GO:0020037
DGCR8,GO:0042802
DGCR8,GO:0031053
DGCR8,GO:0070877
ZFAND3,GO:0003677
ZFAND3,GO:0008270
ZFAND3,GO:0046872
TCIRG1,GO:0046961
TCIRG1,GO:0006811
TCIRG1,GO:1902600
TCIRG1,GO:1902600
TCIRG1,GO:0016020
TCIRG1,GO:0016020
TCIRG1,GO:0000220
TCIRG1,GO:0033179
MRTFB,GO:0045944
MRTFB,GO:0005634
PPIE,GO:0003755
PPIE,GO:0003755
PPIE,GO:0003755
PPIE,GO:0003755
PPIE,GO:0016853
PPIE,GO:0000413
PPIE,GO:0006457
CCDC65,GO:0070286
CCDC65,GO:0031514
CCDC65,GO:0042995
CCDC65,GO:0005858
A0A674G7U6,GO:0022857
A0A674G7U6,GO:0055085
A0A674G7U6,GO:0016020
A0A674G7U6,GO:0016020
A0A674G7U6,GO:0016020
MRPS10,GO:0003735
MRPS10,GO:0006412
MRPS10,GO:0005739
MRPS10,GO:0005739
MRPS10,GO:0005840
MRPS10,GO:0005840
MRPS10,GO:0005763
MRPS10,GO:1990904
TACC2,GO:0007052
TACC2,GO:0005737
TACC2,GO:0005737
TACC2,GO:0005856
A0A674G7V0,GO:0006886
A0A674G7V0,GO:0016192
A0A674G7V0,GO:0016020
A0A674G7V0,GO:0030131
HK1,GO:0000166
HK1,GO:0004396
HK1,GO:0004396
HK1,GO:0005524
HK1,GO:0005524
HK1,GO:0005536
HK1,GO:0016301
HK1,GO:0016740
HK1,GO:0016773
HK1,GO:0001678
HK1,GO:0005975
HK1,GO:0006096
HK1,GO:0006096
HK1,GO:0006096
HK1,GO:0016310
HK1,GO:0019318
HK1,GO:0046835
TMPRSS6,GO:0004252
TMPRSS6,GO:0006508
TMPRSS6,GO:0016020
TMPRSS6,GO:0016020
FLT3,GO:0000166
FLT3,GO:0000166
FLT3,GO:0004672
FLT3,GO:0004713
FLT3,GO:0004713
FLT3,GO:0004714
FLT3,GO:0004714
FLT3,GO:0005524
FLT3,GO:0005524
FLT3,GO:0005524
FLT3,GO:0006468
FLT3,GO:0007169
FLT3,GO:0018108
FLT3,GO:0018108
FLT3,GO:0030097
FLT3,GO:0030154
FLT3,GO:0016020
FLT3,GO:0016020
IDH3G,GO:0006099
TMEM237,GO:0030030
TMEM237,GO:0005929
TMEM237,GO:0016020
TMEM237,GO:0016020
TMEM237,GO:0042995
RIMS2,GO:0031267
RIMS2,GO:0046872
RIMS2,GO:0006887
RIMS2,GO:0017157
RIMS2,GO:0048791
RIMS2,GO:0016020
RIMS2,GO:0045202
RIMS2,GO:0045202
RIMS2,GO:0048786
POPDC2,GO:0016020
POPDC2,GO:0016020
WDSUB1,GO:0004842
WDSUB1,GO:0016567
LOC100221958,GO:0004719
LOC100221958,GO:0004719
LOC100221958,GO:0004719
LOC100221958,GO:0004719
LOC100221958,GO:0008168
LOC100221958,GO:0016740
LOC100221958,GO:0006479
LOC100221958,GO:0032259
LOC100221958,GO:0036211
KCND3,GO:0005216
KCND3,GO:0005244
KCND3,GO:0005249
KCND3,GO:0005267
KCND3,GO:0006811
KCND3,GO:0006811
KCND3,GO:0006813
KCND3,GO:0006813
KCND3,GO:0034765
KCND3,GO:0051260
KCND3,GO:0055085
KCND3,GO:0071805
KCND3,GO:0016020
KCND3,GO:0016020
KCND3,GO:0016020
KCND3,GO:0030425
KCND3,GO:0042995
KCND3,GO:0008076
LOC115498179,GO:0016020
USP39,GO:0004843
USP39,GO:0008270
USP39,GO:0046872
USP39,GO:0000245
USP39,GO:0006397
USP39,GO:0016579
USP39,GO:0005634
A0A674G7W7,GO:0004672
A0A674G7W7,GO:0005524
A0A674G7W7,GO:0006468
SORBS2,GO:0007015
SORBS2,GO:0005737
SORBS2,GO:0005925
SORBS2,GO:0016020
AGRN,GO:0005509
AGRN,GO:0043236
AGRN,GO:0007213
AGRN,GO:0030154
AGRN,GO:0043113
AGRN,GO:0005886
AGRN,GO:0045202
AGRN,GO:0071944
ABL2,GO:0000166
ABL2,GO:0000166
ABL2,GO:0004672
ABL2,GO:0004713
ABL2,GO:0004713
ABL2,GO:0004713
ABL2,GO:0004715
ABL2,GO:0004715
ABL2,GO:0005524
ABL2,GO:0005524
ABL2,GO:0005524
ABL2,GO:0016301
ABL2,GO:0016740
ABL2,GO:0006468
ABL2,GO:0007154
ABL2,GO:0016310
ABL2,GO:0018108
ABL2,GO:0018108
ABL2,GO:0023052
ZW10,GO:0000278
ZW10,GO:0007049
ZW10,GO:0051301
ZW10,GO:0000775
ZW10,GO:0000775
ZW10,GO:0000776
ZW10,GO:0005634
ZW10,GO:0005694
ZW10,GO:0005737
FOXP1,GO:0003677
FOXP1,GO:0003677
FOXP1,GO:0003700
FOXP1,GO:0043565
FOXP1,GO:0046872
FOXP1,GO:0006355
FOXP1,GO:0005634
FOXP1,GO:0005634
FOXP1,GO:0005634
LOC115496678,GO:0038023
LOC115496678,GO:0007399
LOC115496678,GO:0007411
LOC115496678,GO:0030513
LOC115496678,GO:0055072
LOC115496678,GO:0016020
LOC115496678,GO:0016020
DYNC1I2,GO:0007018
DYNC1I2,GO:0005868
PMEPA1,GO:0070412
PMEPA1,GO:0009968
PMEPA1,GO:0010991
PMEPA1,GO:0030512
PMEPA1,GO:0005768
PMEPA1,GO:0010008
PMEPA1,GO:0016020
PMEPA1,GO:0016020
PMEPA1,GO:0031901
HMGB1,GO:0003677
HMGB1,GO:0003677
HMGB1,GO:0003677
HMGB1,GO:0006954
HMGB1,GO:0005576
HMGB1,GO:0005576
HMGB1,GO:0005634
HMGB1,GO:0005634
HMGB1,GO:0005634
HMGB1,GO:0005694
HMGB1,GO:0005694
A0A674G7X7,GO:0003700
A0A674G7X7,GO:0046983
A0A674G7X7,GO:0006355
SLC11A1,GO:0046873
SLC11A1,GO:0030001
SLC11A1,GO:0055072
SLC11A1,GO:0016020
SLC11A1,GO:0016020
SGCE,GO:0005794
SGCE,GO:0005794
SGCE,GO:0016020
SGCE,GO:0016020
SGCE,GO:0030425
SGCE,GO:0042383
SGCE,GO:0042995
SGCE,GO:0016012
PLSCR1,GO:0017128
PLSCR1,GO:0017121
APBB2,GO:0001540
LOC100218250,GO:0000166
LOC100218250,GO:0000166
LOC100218250,GO:0003774
LOC100218250,GO:0003777
LOC100218250,GO:0005524
LOC100218250,GO:0005524
LOC100218250,GO:0005524
LOC100218250,GO:0008017
LOC100218250,GO:0007018
STUB1,GO:0004842
STUB1,GO:0061630
STUB1,GO:0000209
STUB1,GO:0016567
EDEM2,GO:0004571
EDEM2,GO:0005509
EDEM2,GO:0016787
EDEM2,GO:0016798
EDEM2,GO:0005975
EDEM2,GO:0006986
EDEM2,GO:0008152
EDEM2,GO:1904380
EDEM2,GO:1904382
EDEM2,GO:0005783
EDEM2,GO:0016020
EDEM2,GO:0044322
A0A674G7Y5,GO:0005634
A0A674G7Y5,GO:0005634
AP2B1,GO:0030276
AP2B1,GO:0006886
AP2B1,GO:0015031
AP2B1,GO:0015031
AP2B1,GO:0016192
AP2B1,GO:0016020
AP2B1,GO:0030117
AP2B1,GO:0030118
AP2B1,GO:0030119
AP2B1,GO:0030131
PPP2R2B,GO:0019888
PPP2R2B,GO:0050790
PPP2R2B,GO:0000159
PPP2R2B,GO:0000159
CFAP65,GO:0005737
KCNC4,GO:0005216
KCNC4,GO:0005244
KCNC4,GO:0005249
KCNC4,GO:0005267
KCNC4,GO:0006811
KCNC4,GO:0006811
KCNC4,GO:0006813
KCNC4,GO:0006813
KCNC4,GO:0034765
KCNC4,GO:0051260
KCNC4,GO:0055085
KCNC4,GO:0071805
KCNC4,GO:0016020
KCNC4,GO:0016020
KCNC4,GO:0016020
KCNC4,GO:0008076
A0A674G7Z0,GO:0008270
A0A674G7Z0,GO:0016740
A0A674G7Z0,GO:0017136
A0A674G7Z0,GO:0033558
A0A674G7Z0,GO:0046872
A0A674G7Z0,GO:0051287
A0A674G7Z0,GO:0070403
A0A674G7Z0,GO:0070403
A0A674G7Z0,GO:0016570
CLMP,GO:0005881
CLMP,GO:0016020
CLMP,GO:0016020
A0A674G7Z2,GO:0004222
A0A674G7Z2,GO:0008233
A0A674G7Z2,GO:0008237
A0A674G7Z2,GO:0008237
A0A674G7Z2,GO:0016787
A0A674G7Z2,GO:0046872
A0A674G7Z2,GO:0006508
A0A674G7Z2,GO:0006508
A0A674G7Z2,GO:0030198
A0A674G7Z2,GO:0005576
PHACTR4,GO:0003779
PHACTR4,GO:0003779
PHACTR4,GO:0003779
PHACTR4,GO:0008157
PHACTR4,GO:0008157
PHACTR4,GO:0019888
PHACTR4,GO:0072542
PHACTR4,GO:0001755
PHACTR4,GO:0001843
PHACTR4,GO:0007266
PHACTR4,GO:0007399
PHACTR4,GO:0030036
PHACTR4,GO:0043085
PHACTR4,GO:0048484
PHACTR4,GO:0051726
PHACTR4,GO:0061386
PHACTR4,GO:2001045
PHACTR4,GO:0005737
PHACTR4,GO:0005737
PHACTR4,GO:0005737
PHACTR4,GO:0030027
PHACTR4,GO:0030027
PHACTR4,GO:0042995
UGGT1,GO:0003980
UGGT1,GO:0016740
UGGT1,GO:0006486
UGGT1,GO:0006486
UGGT1,GO:0071704
UGGT1,GO:0097359
UGGT1,GO:0005783
UGGT1,GO:0005788
UGGT1,GO:0016020
S100A12,GO:0005509
GALC,GO:0004336
GALC,GO:0004336
GALC,GO:0006629
GALC,GO:0006665
GALC,GO:0006683
GALC,GO:0016042
LOC100219242,GO:0004046
LOC100219242,GO:0004046
LOC100219242,GO:0016787
LOC100219242,GO:0016787
LOC100219242,GO:0016787
LOC100219242,GO:0006520
LOC100219242,GO:0005737
LOC100219242,GO:0005737
ST3GAL6,GO:0008373
ST3GAL6,GO:0016757
ST3GAL6,GO:0006486
ST3GAL6,GO:0097503
ST3GAL6,GO:0005794
ST3GAL6,GO:0016020
ST3GAL6,GO:0016020
A0A674G800,GO:0003676
A0A674G800,GO:0003723
A0A674G800,GO:0003723
A0A674G800,GO:0003723
A0A674G800,GO:0008270
UBL3,GO:0005886
UBL3,GO:0005886
UBL3,GO:0005886
UBL3,GO:0016020
UBL3,GO:0016020
ELOF1,GO:0046872
ELOF1,GO:0005634
ELOF1,GO:0005634
SPOP,GO:0016567
SPOP,GO:0016607
A0A674G804,GO:0007269
A0A674G804,GO:0048786
A0A674G805,GO:0015031
A0A674G805,GO:0005794
FXN,GO:0004322
FXN,GO:0004322
FXN,GO:0008199
FXN,GO:0016491
FXN,GO:0006783
FXN,GO:0006811
FXN,GO:0006879
FXN,GO:0016226
FXN,GO:0055072
FXN,GO:0005739
FXN,GO:0005739
FXN,GO:0005739
BACH2,GO:0003677
BACH2,GO:0003677
BACH2,GO:0003700
BACH2,GO:0006355
BACH2,GO:0005634
BACH2,GO:0005634
A0A674G811,GO:0003676
TMEM161A,GO:0016020
TMEM161A,GO:0016020
EDIL3,GO:0005509
PPIP5K2,GO:0000166
PPIP5K2,GO:0000827
PPIP5K2,GO:0000828
PPIP5K2,GO:0000829
PPIP5K2,GO:0000832
PPIP5K2,GO:0005524
PPIP5K2,GO:0016301
PPIP5K2,GO:0016740
PPIP5K2,GO:0033857
PPIP5K2,GO:0033857
PPIP5K2,GO:0052723
PPIP5K2,GO:0052724
PPIP5K2,GO:0016310
PPIP5K2,GO:0005737
PPIP5K2,GO:0005829
GRIP1,GO:0030159
GRIP1,GO:0016358
RBFOX3,GO:0003676
RBFOX3,GO:0003723
RBFOX3,GO:0003723
RBFOX3,GO:0003723
PDE1C,GO:0004114
PDE1C,GO:0008081
PDE1C,GO:0016787
PDE1C,GO:0046872
PDE1C,GO:0007165
A0A674G821,GO:0016020
DYNC1LI2,GO:0000166
DYNC1LI2,GO:0005524
DYNC1LI2,GO:0007018
DYNC1LI2,GO:0005737
DYNC1LI2,GO:0005856
DYNC1LI2,GO:0005856
DYNC1LI2,GO:0005874
DYNC1LI2,GO:0005868
DYNC1LI2,GO:0005868
DYNC1LI2,GO:0030286
PPP2R5C,GO:0019888
PPP2R5C,GO:0019888
PPP2R5C,GO:0007165
PPP2R5C,GO:0050790
PPP2R5C,GO:0000159
PPP2R5C,GO:0000159
A0A674G825,GO:0000049
A0A674G825,GO:0000049
A0A674G825,GO:0003723
A0A674G825,GO:0003723
A0A674G825,GO:0004809
A0A674G825,GO:0004809
A0A674G825,GO:0008168
A0A674G825,GO:0016740
A0A674G825,GO:0008033
A0A674G825,GO:0008033
A0A674G825,GO:0008033
A0A674G825,GO:0030488
A0A674G825,GO:0032259
A0A674G825,GO:0032259
DEPDC4,GO:0035556
A0A674G827,GO:0003824
A0A674G827,GO:0016787
A0A674G827,GO:0016787
A0A674G827,GO:0006629
A0A674G827,GO:0006629
A0A674G827,GO:0016042
A0A674G827,GO:0016042
A0A674G827,GO:0016020
RNF217,GO:0004842
RNF217,GO:0016740
RNF217,GO:0046872
RNF217,GO:0016567
RNF217,GO:0016020
POLR3GL,GO:0006383
POLR3GL,GO:0005634
POLR3GL,GO:0005634
SEC22B,GO:0005484
SEC22B,GO:0006888
SEC22B,GO:0006890
SEC22B,GO:0016192
SEC22B,GO:0061025
SEC22B,GO:0005783
SEC22B,GO:0005789
SEC22B,GO:0005794
SEC22B,GO:0005794
SEC22B,GO:0012505
SEC22B,GO:0016020
SEC22B,GO:0016020
SEC22B,GO:0033116
SEC22B,GO:0042470
SEC22B,GO:0043231
CLN8,GO:0016020
CLN8,GO:0016020
CLN8,GO:0016020
VTI1A,GO:0006886
VTI1A,GO:0015031
VTI1A,GO:0016192
VTI1A,GO:0005737
VTI1A,GO:0016020
VTI1A,GO:0016020
VTI1A,GO:0016020
VTI1A,GO:0043231
SPATA20,GO:0005975
A0A674G837,GO:0005576
EFHD2,GO:0005509
EFHD2,GO:0046872
GPHN,GO:0061598
GPHN,GO:0061599
GPHN,GO:0006777
GPHN,GO:0006777
GPHN,GO:0032324
DGAT1,GO:0004144
DGAT1,GO:0004144
DGAT1,GO:0004144
DGAT1,GO:0008374
DGAT1,GO:0016740
DGAT1,GO:0016746
DGAT1,GO:0050252
DGAT1,GO:0019432
DGAT1,GO:0042572
DGAT1,GO:0046486
DGAT1,GO:0005783
DGAT1,GO:0005789
DGAT1,GO:0016020
DGAT1,GO:0016020
CASKIN1,GO:0005737
CASKIN1,GO:0005737
LOC115492864,GO:0008641
ODF2L,GO:1902018
ODF2L,GO:0005737
ODF2L,GO:0005815
ODF2L,GO:0034451
ODF2L,GO:0042995
TMEM114,GO:0016020
A0A674G847,GO:0003723
A0A674G847,GO:0046872
A0A674G847,GO:0046872
A0A674G847,GO:0016070
A0A674G847,GO:0045892
A0A674G847,GO:0045892
LOC115495872,GO:0008017
LOC115495872,GO:0019900
TMEM240,GO:0016020
ABL2,GO:0000166
ABL2,GO:0000166
ABL2,GO:0004672
ABL2,GO:0004713
ABL2,GO:0004713
ABL2,GO:0004713
ABL2,GO:0004715
ABL2,GO:0004715
ABL2,GO:0005524
ABL2,GO:0005524
ABL2,GO:0005524
ABL2,GO:0016301
ABL2,GO:0016740
ABL2,GO:0006468
ABL2,GO:0007154
ABL2,GO:0016310
ABL2,GO:0018108
ABL2,GO:0018108
ABL2,GO:0023052
PLEKHA8,GO:0120013
PLEKHA8,GO:0120009
PLEKHA8,GO:0005737
PLEKHA8,GO:0005794
PLEKHA8,GO:0005794
PLEKHA8,GO:0016020
RNF25,GO:0046872
RNF25,GO:0061630
RNF25,GO:0016567
SRSF5,GO:0003676
SRSF5,GO:0003723
A0A674G856,GO:0003824
A0A674G856,GO:0004084
A0A674G856,GO:0004084
A0A674G856,GO:0008483
A0A674G856,GO:0016740
A0A674G856,GO:0052654
A0A674G856,GO:0052655
A0A674G856,GO:0052656
A0A674G856,GO:0008652
A0A674G856,GO:0009081
A0A674G856,GO:0009082
QDPR,GO:0016491
ARHGAP22,GO:0007165
POLR3A,GO:0003677
POLR3A,GO:0003899
POLR3A,GO:0003899
POLR3A,GO:0016740
POLR3A,GO:0016779
POLR3A,GO:0006351
POLR3A,GO:0005634
POLR3A,GO:0005634
POLR3A,GO:0031981
POLR3A,GO:0000428
MME,GO:0004222
MME,GO:0004222
MME,GO:0008233
MME,GO:0008237
MME,GO:0008237
MME,GO:0016787
MME,GO:0046872
MME,GO:0006508
MME,GO:0006508
MME,GO:0016020
MEIG1,GO:0005634
CHAC2,GO:0003839
CHAC2,GO:0003839
CHAC2,GO:0016829
CHAC2,GO:0061928
CHAC2,GO:0006751
CHAC2,GO:0006751
KDM2A,GO:0003677
KDM2A,GO:0003677
KDM2A,GO:0008270
KDM2A,GO:0016491
KDM2A,GO:0046872
KDM2A,GO:0051213
KDM2A,GO:0006325
KDM2A,GO:0070544
KDM2A,GO:0005634
A0A674G866,GO:0030301
A0A674G866,GO:0016020
MDM1,GO:0008017
MDM1,GO:0046600
MDM1,GO:0005634
MDM1,GO:0005634
MDM1,GO:0005737
MDM1,GO:0005814
MDM1,GO:0005856
MDM1,GO:0005874
PPP6R3,GO:0019903
PPP6R3,GO:0043666
FSHR,GO:0004930
FSHR,GO:0004930
FSHR,GO:0004963
FSHR,GO:0016500
FSHR,GO:0007165
FSHR,GO:0007186
FSHR,GO:0007186
FSHR,GO:0042699
FSHR,GO:0005886
FSHR,GO:0005886
FSHR,GO:0016020
FSHR,GO:0016020
TCF3,GO:0046983
SMG9,GO:0000184
CABP7,GO:0005509
CABP7,GO:0046872
CABP7,GO:0016020
CPLX2,GO:0019905
CPLX2,GO:0006836
CPLX2,GO:0006836
CPLX2,GO:0006887
CPLX2,GO:0045202
CPLX2,GO:0045202
CPLX2,GO:0110165
CLPB,GO:0005524
CLPB,GO:0016887
ARHGAP24,GO:0005096
ARHGAP24,GO:0007165
ARHGAP24,GO:0050790
DGKH,GO:0000166
DGKH,GO:0004143
DGKH,GO:0004143
DGKH,GO:0005524
DGKH,GO:0016301
DGKH,GO:0016301
DGKH,GO:0016740
DGKH,GO:0016773
DGKH,GO:0006629
DGKH,GO:0007165
DGKH,GO:0007205
DGKH,GO:0016310
DGKH,GO:0046486
DGKH,GO:0046486
MCF2,GO:0005085
MCF2,GO:0035556
MCF2,GO:0050790
MCF2,GO:0005737
A0A674G883,GO:0004348
A0A674G883,GO:0004348
A0A674G883,GO:0016757
A0A674G883,GO:0016787
A0A674G883,GO:0016798
A0A674G883,GO:0006629
A0A674G883,GO:0006665
A0A674G883,GO:0006665
A0A674G883,GO:0008152
A0A674G883,GO:0008203
A0A674G883,GO:0005765
LRCH3,GO:0016020
ZMYM3,GO:0008270
A0A674G887,GO:0004867
A0A674G887,GO:0010951
SAMD4A,GO:0003723
SAMD4A,GO:0030371
SAMD4A,GO:0017148
SAMD4A,GO:0043488
SAMD4A,GO:0005737
SAMD4A,GO:0005737
GNE,GO:0004553
GNE,GO:0006047
GNE,GO:0071704
CEBPZ,GO:0005634
AFDN,GO:0007155
AFDN,GO:0007165
AFDN,GO:0030154
AFDN,GO:0048856
USP38,GO:0004843
USP38,GO:0006511
USP38,GO:0016579
ATP2C1,GO:0000166
ATP2C1,GO:0000166
ATP2C1,GO:0005388
ATP2C1,GO:0005388
ATP2C1,GO:0005524
ATP2C1,GO:0005524
ATP2C1,GO:0016887
ATP2C1,GO:0006811
ATP2C1,GO:0006816
ATP2C1,GO:0006816
ATP2C1,GO:0070588
ATP2C1,GO:0005794
ATP2C1,GO:0005794
ATP2C1,GO:0016020
ATP2C1,GO:0016020
ATP2C1,GO:0032580
MRPL22,GO:0003735
MRPL22,GO:0006412
MRPL22,GO:0005840
MRPL22,GO:0005840
MRPL22,GO:0015934
MRPL22,GO:1990904
IMMP1L,GO:0004252
IMMP1L,GO:0008233
IMMP1L,GO:0008236
IMMP1L,GO:0016787
IMMP1L,GO:0006465
IMMP1L,GO:0006508
IMMP1L,GO:0006508
IMMP1L,GO:0005739
IMMP1L,GO:0005743
IMMP1L,GO:0005743
IMMP1L,GO:0016020
C1R,GO:0004252
C1R,GO:0008236
C1R,GO:0006508
C1R,GO:0006956
C1R,GO:0006958
C1R,GO:0005576
OTUB1,GO:0004843
OTUB1,GO:0004843
OTUB1,GO:0004843
OTUB1,GO:0008233
OTUB1,GO:0008234
OTUB1,GO:0016787
OTUB1,GO:0016787
OTUB1,GO:0043130
OTUB1,GO:0006508
OTUB1,GO:0016579
OTUB1,GO:0071108
OTUB1,GO:0005634
PRKG1,GO:0000166
PRKG1,GO:0000166
PRKG1,GO:0004672
PRKG1,GO:0004674
PRKG1,GO:0004674
PRKG1,GO:0004692
PRKG1,GO:0004692
PRKG1,GO:0005524
PRKG1,GO:0005524
PRKG1,GO:0005524
PRKG1,GO:0016301
PRKG1,GO:0016740
PRKG1,GO:0030553
PRKG1,GO:0006468
PRKG1,GO:0016310
MAST1,GO:0000166
MAST1,GO:0000287
MAST1,GO:0004672
MAST1,GO:0004674
MAST1,GO:0004674
MAST1,GO:0004674
MAST1,GO:0005524
MAST1,GO:0005524
MAST1,GO:0016301
MAST1,GO:0016740
MAST1,GO:0006468
MAST1,GO:0007010
MAST1,GO:0016310
MAST1,GO:0035556
A0A674G8A3,GO:0004757
A0A674G8A3,GO:0004757
A0A674G8A3,GO:0016491
A0A674G8A3,GO:0006729
LOC100220197,GO:0022857
LOC100220197,GO:0055085
LOC100220197,GO:0016020
LOC100220197,GO:0016020
LOC100220197,GO:0016020
TGS1,GO:0008168
TGS1,GO:0001510
TGS1,GO:0009452
ELOVL6,GO:0009922
ELOVL6,GO:0009922
ELOVL6,GO:0016740
ELOVL6,GO:0102756
ELOVL6,GO:0006629
ELOVL6,GO:0006631
ELOVL6,GO:0006633
ELOVL6,GO:0006633
ELOVL6,GO:0006636
ELOVL6,GO:0008610
ELOVL6,GO:0019367
ELOVL6,GO:0019367
ELOVL6,GO:0034625
ELOVL6,GO:0035338
ELOVL6,GO:0042761
ELOVL6,GO:0044249
ELOVL6,GO:0044255
ELOVL6,GO:0005783
ELOVL6,GO:0005783
ELOVL6,GO:0005789
ELOVL6,GO:0005789
ELOVL6,GO:0016020
ELOVL6,GO:0016020
DTNA,GO:0008270
DTNA,GO:0046872
DTNA,GO:0005737
DTNA,GO:0005737
LOC115492727,GO:0016020
LOC115492727,GO:0016020
CD38,GO:0003953
CD38,GO:0016740
CD38,GO:0016787
CD38,GO:0050135
CD38,GO:0050135
CD38,GO:0061809
CD38,GO:0016020
CD38,GO:0016020
CD38,GO:0016020
A0A674G8B2,GO:0000976
A0A674G8B2,GO:0003677
A0A674G8B2,GO:0003677
A0A674G8B2,GO:0006351
A0A674G8B2,GO:0006355
A0A674G8B2,GO:0005634
A0A674G8B2,GO:0005634
F5,GO:0019787
F5,GO:0008152
CNOT4,GO:0003676
CNOT4,GO:0003723
CNOT4,GO:0003723
CNOT4,GO:0003723
CNOT4,GO:0004842
CNOT4,GO:0046872
CNOT4,GO:0046872
CNOT4,GO:0016567
CNOT4,GO:0030014
TRIM35,GO:0008270
TRIM35,GO:0046872
STAM2,GO:0035091
STAM2,GO:0043130
STAM2,GO:0015031
STAM2,GO:0005768
STAM2,GO:0031410
STAM2,GO:0031901
ZDHHC13,GO:0015095
ZDHHC13,GO:0016409
ZDHHC13,GO:0016740
ZDHHC13,GO:0016746
ZDHHC13,GO:0016746
ZDHHC13,GO:0019706
ZDHHC13,GO:1903830
ZDHHC13,GO:0000139
ZDHHC13,GO:0005794
ZDHHC13,GO:0016020
ZDHHC13,GO:0016020
ZDHHC13,GO:0030659
ZDHHC13,GO:0031410
CLPS,GO:0008047
CLPS,GO:0007586
CLPS,GO:0007586
CLPS,GO:0016042
CLPS,GO:0050790
CLPS,GO:0005576
CLPS,GO:0005576
CLPS,GO:0005576
RNF185,GO:0061630
RNF185,GO:0006511
RNF185,GO:0016567
RNF185,GO:0005783
RNF185,GO:0016020
A0A674G8C1,GO:0004657
A0A674G8C1,GO:0004657
A0A674G8C1,GO:0016491
A0A674G8C1,GO:0006560
A0A674G8C1,GO:0006562
A0A674G8C1,GO:0016020
A0A674G8C2,GO:0005179
A0A674G8C2,GO:0005179
A0A674G8C2,GO:0007165
A0A674G8C2,GO:0005576
A0A674G8C2,GO:0005576
A0A674G8C3,GO:0000166
A0A674G8C3,GO:0003774
A0A674G8C3,GO:0003774
A0A674G8C3,GO:0003779
A0A674G8C3,GO:0005524
A0A674G8C3,GO:0005524
A0A674G8C3,GO:0005524
A0A674G8C3,GO:0016459
A0A674G8C3,GO:0016459
RNF130,GO:0046872
RNF130,GO:0016020
ACADS,GO:0003995
ACADS,GO:0016491
ACADS,GO:0016627
ACADS,GO:0050660
ACADS,GO:0050660
RBFOX2,GO:0003676
RBFOX2,GO:0003723
RBFOX2,GO:0003723
RBFOX2,GO:0003723
RBFOX2,GO:0006397
RBFOX2,GO:0008380
RBFOX2,GO:0043484
RBFOX2,GO:0005634
RBFOX2,GO:0005634
A0A674G8C7,GO:0005509
A0A674G8C7,GO:0005509
A0A674G8C7,GO:0007155
A0A674G8C7,GO:0007155
A0A674G8C7,GO:0007156
A0A674G8C7,GO:0005886
A0A674G8C7,GO:0016020
A0A674G8C7,GO:0016020
NF1,GO:0005096
NF1,GO:0007165
NF1,GO:0043087
NF1,GO:0043087
LOC115497664,GO:0000166
LOC115497664,GO:0000166
LOC115497664,GO:0003824
LOC115497664,GO:0004748
LOC115497664,GO:0004748
LOC115497664,GO:0005524
LOC115497664,GO:0005524
LOC115497664,GO:0005524
LOC115497664,GO:0016491
LOC115497664,GO:0006260
LOC115497664,GO:0006260
LOC115497664,GO:0008152
LOC115497664,GO:0009263
NANOS1,GO:0003723
NANOS1,GO:0003723
NANOS1,GO:0003723
NANOS1,GO:0008270
NANOS1,GO:0046872
NANOS1,GO:0006417
NANOS1,GO:0006417
NANOS1,GO:0005737
TOX,GO:0003677
TOX,GO:0003677
TOX,GO:0005634
TOX,GO:0005634
PRMT5,GO:0008168
PRMT5,GO:0008168
PRMT5,GO:0008469
PRMT5,GO:0016274
PRMT5,GO:0016740
PRMT5,GO:0035243
PRMT5,GO:0006479
PRMT5,GO:0016570
PRMT5,GO:0018216
PRMT5,GO:0032259
PRMT5,GO:0035246
PRMT5,GO:0005634
PRMT5,GO:0005634
PRMT5,GO:0005634
PRMT5,GO:0005737
PRMT5,GO:0005737
PRMT5,GO:0005829
A0A674G8D6,GO:0005044
A0A674G8D6,GO:0006897
A0A674G8D6,GO:0016020
A0A674G8D7,GO:0016020
A0A674G8D7,GO:0110165
A0A674G8D8,GO:0016251
A0A674G8D8,GO:0006367
A0A674G8D8,GO:0000124
A0A674G8D8,GO:0005669
A0A674G8D8,GO:0046695
POMK,GO:0004672
POMK,GO:0005524
POMK,GO:0019200
POMK,GO:0006468
POMK,GO:0006493
POMK,GO:0046835
POMK,GO:0005783
POMK,GO:0005789
POMK,GO:0016020
POMK,GO:0016020
A0A674G8E0,GO:0005634
A0A674G8E0,GO:0005634
A0A674G8E3,GO:0003677
A0A674G8E3,GO:0016491
A0A674G8E3,GO:0034647
A0A674G8E3,GO:0046872
A0A674G8E3,GO:0051213
A0A674G8E3,GO:0006325
A0A674G8E3,GO:0016570
A0A674G8E3,GO:0005634
NDFIP2,GO:0007034
NDFIP2,GO:0030001
NDFIP2,GO:0005737
NDFIP2,GO:0016020
NDFIP2,GO:0016020
CD276,GO:0016020
CASK,GO:0004672
CASK,GO:0005524
CASK,GO:0006468
CASK,GO:0030054
SGF29,GO:0005634
SGF29,GO:0005634
SGF29,GO:0000124
KIF1A,GO:0000166
KIF1A,GO:0000166
KIF1A,GO:0003774
KIF1A,GO:0003777
KIF1A,GO:0005524
KIF1A,GO:0005524
KIF1A,GO:0005524
KIF1A,GO:0008017
KIF1A,GO:0007018
KIF1A,GO:0005737
KIF1A,GO:0030424